latitude,longitude,count,zip
21.290612,-157.788328,2,96816
60.360218,-151.017768,1,99669
61.163643,-149.996609,1,99502
44.577285,-124.053577,1,97366
46.171919,-123.951838,1,97121
46.394046,-123.761307,1,98638
45.211928,-123.282159,1,97128
44.105501,-123.133112,1,97404
45.006596,-123.111691,1,97304
45.030348,-123.023687,1,97303
45.324219,-122.98733,1,97132
38.398815,-122.861923,1,95472
45.517015,-122.859822,2,97006
38.528079,-122.821349,1,95492
42.193618,-122.817754,1,97540
38.449137,-122.793752,1,95401
38.234553,-122.760385,1,94952
38.34642,-122.694127,1,94928
38.437114,-122.665993,1,95405
45.482741,-122.644441,1,97202
38.112166,-122.634384,1,94947
47.296947,-122.623661,2,98335
45.538194,-122.600014,1,97213
37.945512,-122.56012,1,94904
38.235021,-122.557332,1,94954
38.022366,-122.555605,1,94903
47.251761,-122.536065,1,98465
38.134068,-122.52719,1,94945
47.290365,-122.517747,1,98407
45.630556,-122.514839,2,98684
45.603287,-122.51017,1,98683
48.754092,-122.508129,1,98225
37.776769,-122.494707,4,94121
45.673213,-122.481749,1,98682
47.210957,-122.481577,2,98409
37.606593,-122.477228,1,94044
40.600342,-122.455016,3,96001
37.720375,-122.44295,1,94112
45.50923,-122.433565,1,97030
37.750021,-122.415201,1,94110
47.573933,-122.400175,1,98116
47.060959,-122.394221,1,98387
45.642226,-122.37998,1,98607
47.802344,-122.374193,1,98020
37.57028,-122.365778,1,94010
47.840794,-122.332985,1,98026
47.145083,-122.324153,1,98373
48.216792,-122.31439,1,98292
37.538449,-122.305447,1,94403
47.839227,-122.285468,1,98037
47.659861,-122.284977,2,98105
47.685746,-122.281589,1,98115
37.773797,-122.278123,1,94501
37.496461,-122.272556,1,94070
47.540246,-122.268545,1,98118
47.901362,-122.260891,2,98204
47.391942,-122.257192,1,98032
37.791887,-122.245334,2,94606
48.089968,-122.237681,1,98271
40.751937,-122.230678,1,96003
47.792523,-122.208216,1,98021
47.618337,-122.205341,1,98004
47.446982,-122.201521,1,98055
47.368522,-122.197976,1,98030
47.675982,-122.193578,1,98033
37.879921,-122.184572,1,94563
47.614533,-122.168798,1,98005
45.388788,-122.155174,1,97055
47.557627,-122.151005,1,98006
47.613825,-122.144365,2,98007
38.098071,-122.13594,1,94510
37.675731,-122.133017,1,94580
37.415727,-122.130765,1,94306
37.605905,-122.126873,1,94545
47.68099,-122.120531,3,98052
37.548123,-122.098635,1,94555
37.380566,-122.085286,1,94040
37.30661,-122.080628,1,95014
37.954141,-122.076124,2,94523
37.918195,-122.071676,1,94597
47.622542,-122.04421,2,98074
37.889079,-122.03756,2,94596
37.351528,-122.036962,1,94087
37.950359,-122.022034,3,94518
37.603156,-122.018638,1,94587
47.669312,-122.010131,1,98053
37.814613,-121.990552,1,94526
37.277121,-121.986133,1,95130
37.570508,-121.98125,1,94536
37.39349,-121.964672,1,95054
37.505768,-121.962472,1,94538
37.278563,-121.955101,1,95008
37.315976,-121.936313,4,95128
38.282221,-121.924715,1,94535
37.890221,-121.878359,1,94517
37.443638,-121.874953,3,95035
37.270058,-121.851333,1,95136
37.244238,-121.831604,1,95123
37.996501,-121.812301,4,94509
38.412615,-121.756222,2,95620
37.424655,-121.74841,3,95132
39.016059,-121.598994,1,95991
37.018419,-121.554249,2,95020
38.494832,-121.529447,1,95831
38.619049,-121.517552,1,95833
38.051726,-121.483036,1,95219
38.571577,-121.466465,1,95816
38.427813,-121.444696,2,95758
38.543754,-121.377692,1,95826
38.584047,-121.375846,1,95864
38.62415,-121.324911,1,95608
38.427651,-121.315627,1,95624
38.695704,-121.308303,1,95621
38.604268,-121.280327,1,95670
38.741074,-121.247693,2,95661
38.791075,-121.234854,1,95677
44.000626,-121.233816,2,97702
38.049939,-121.23297,1,95212
44.283326,-121.216724,1,97756
37.671978,-121.007405,1,95350
37.623601,-120.996324,1,95351
38.612129,-120.964522,1,95682
47.783145,-120.843168,1,98826
38.734925,-120.789952,1,95667
35.296964,-120.733137,2,93405
46.615206,-120.724113,1,98908
35.23575,-120.615973,3,93401
37.984549,-120.349264,1,95370
47.423594,-120.336633,1,98801
39.24158,-119.934182,1,89451
36.29227,-119.829463,3,93245
39.712124,-119.820815,1,89506
39.55587,-119.800887,1,89512
34.449656,-119.761971,1,93110
36.862209,-119.760793,1,93720
39.540398,-119.749111,2,89431
39.604161,-119.689298,1,89436
39.541317,-119.650155,1,89434
36.29223,-119.622676,1,93230
33.255655,-119.503588,1,93042
35.393866,-119.244846,1,93314
34.283668,-119.223196,1,93003
34.402343,-119.094824,1,93060
35.16319,-119.046322,2,93313
35.24512,-118.9411,2,93307
34.212798,-118.882175,1,91360
34.193329,-118.818678,1,91362
35.621087,-118.789677,1,93308
35.468183,-118.779649,1,93306
34.258272,-118.774661,1,93065
34.123286,-118.758541,1,91301
34.12331,-118.671028,2,91302
34.200833,-118.6649,1,91307
34.439741,-118.634816,1,91355
34.153733,-118.593408,3,91364
34.281486,-118.556005,1,91326
34.465755,-118.553789,1,91354
34.195685,-118.490752,1,91406
34.237912,-118.482306,1,91343
34.147149,-118.463365,1,91403
34.178522,-118.459234,1,91411
34.199824,-118.447609,1,91405
34.04536,-118.445818,2,90025
34.222506,-118.444689,5,91402
34.286689,-118.435078,1,91340
34.148617,-118.433298,1,91423
34.178483,-118.431791,1,91401
34.10263,-118.415972,1,90210
34.207295,-118.400022,1,91605
34.326674,-118.382262,2,91342
33.873214,-118.370359,1,90278
34.74739,-118.369249,2,93536
33.753146,-118.367459,2,90275
33.956526,-118.358653,1,90301
33.840399,-118.353714,1,90503
34.173885,-118.346937,2,91505
34.049841,-118.33846,1,90019
34.261962,-118.336078,1,91040
34.204568,-118.326365,1,91504
34.028133,-118.284828,1,90007
34.045405,-118.240454,1,90013
34.137412,-118.207607,2,90041
33.970343,-118.171368,1,90201
34.13946,-118.166649,1,91105
33.887821,-118.12725,2,90706
34.408383,-118.123597,1,93550
33.823943,-118.111335,2,90808
34.090776,-118.095091,1,91776
34.156397,-118.085873,1,91107
33.795012,-118.062692,1,90720
33.723228,-118.008692,2,92647
33.999005,-117.972146,1,91745
33.808271,-117.923655,1,92802
33.678399,-117.911715,1,92626
33.830209,-117.906109,1,92805
33.974883,-117.900676,2,91748
33.879767,-117.89634,2,92831
34.061634,-117.893169,1,91791
33.709935,-117.870431,1,92707
34.080444,-117.854733,1,91724
34.110186,-117.81039,1,91773
33.848733,-117.788357,1,92807
34.042286,-117.756106,1,91766
33.712629,-117.751372,1,92620
33.963746,-117.738491,1,91709
33.667145,-117.732135,1,92618
33.576205,-117.730364,2,92656
33.885514,-117.730164,1,92887
34.004473,-117.684702,2,91710
35.606509,-117.683472,1,93555
34.105281,-117.662035,2,91786
33.840451,-117.601961,1,92882
34.137563,-117.599944,1,91701
34.152583,-117.577707,1,91737
33.882879,-117.5269,2,92879
34.085957,-117.465136,1,92335
34.147718,-117.464506,1,92336
34.480247,-117.408186,1,92392
47.628641,-117.402997,1,99203
33.99504,-117.373184,1,92501
33.891132,-117.32675,1,92508
33.144219,-117.319439,1,92008
34.374627,-117.300435,1,92345
33.201242,-117.296984,2,92056
33.19784,-117.248203,1,92083
33.923386,-117.244825,1,92553
33.09532,-117.243796,1,92009
47.685677,-117.218458,1,99216
32.945791,-117.214366,4,92130
33.82931,-117.205481,1,92571
32.824567,-117.199521,1,92117
33.708976,-117.198846,1,92586
34.12738,-117.183148,1,92346
33.170778,-117.158674,1,92069
32.741501,-117.127948,3,92104
33.535276,-117.104785,1,92591
33.102005,-117.08042,2,92025
32.794714,-117.071764,1,92120
32.637898,-117.057991,1,91910
33.511218,-117.042388,2,92592
32.852358,-116.987842,1,92071
32.79551,-116.969721,1,92020
46.210115,-116.928725,2,83501
34.237229,-116.827695,1,92386
34.185894,-116.432416,5,92284
33.692193,-116.34123,1,92210
43.732675,-116.288433,1,83714
43.561591,-116.214892,1,83705
43.591127,-116.19436,2,83706
34.229973,-116.055053,1,92278
43.049579,-115.866402,1,83648
36.233315,-115.29015,1,89129
36.07738,-115.213966,2,89118
36.035207,-115.148777,1,89123
36.081322,-115.095454,1,89120
36.036566,-115.080923,1,89074
36.061711,-115.058058,1,89014
35.986732,-114.808625,1,89005
42.570448,-114.613167,5,83328
42.400555,-114.524876,5,83301
37.048309,-113.558054,1,84790
37.590013,-113.187631,1,84720
33.640996,-112.37833,1,85374
33.603311,-112.369625,1,85379
33.531789,-112.2562,3,85305
33.654291,-112.249474,1,85382
33.609311,-112.231694,1,85381
33.531968,-112.22343,1,85303
33.599739,-112.178276,2,85304
33.629939,-112.131344,2,85053
33.635109,-112.093768,3,85023
33.559421,-112.092875,1,85021
33.679761,-112.092529,1,85027
33.312552,-112.057185,4,85048
33.465234,-112.048771,1,85006
40.70045,-112.046771,3,84128
33.369197,-112.04351,2,85042
33.406479,-112.025469,1,85040
33.352957,-112.019082,3,85044
40.697474,-112.001241,1,84120
40.622887,-111.964564,1,84084
33.427413,-111.933836,1,85281
33.493513,-111.919239,1,85251
40.617184,-111.895066,1,84047
33.324113,-111.878217,1,85224
33.381349,-111.874001,3,85202
40.661033,-111.8347,1,84117
33.317448,-111.830487,2,85225
33.601112,-111.809488,1,85259
33.277771,-111.731454,2,85297
40.808532,-111.729104,1,84108
33.43242,-111.718512,1,85205
33.396337,-111.717093,1,85206
40.611653,-111.714916,4,84121
40.441154,-111.67045,1,84062
33.511896,-111.579396,2,85215
47.319261,-111.298533,2,59405
32.621072,-110.989667,1,85739
32.33942,-110.984997,2,85704
32.246721,-110.948654,1,85719
32.241537,-110.923197,1,85716
32.214133,-110.823718,1,85710
32.289584,-110.733528,1,85749
37.120416,-110.349581,2,84536
32.813765,-109.355257,1,85546
45.613054,-108.390305,1,59101
39.601448,-107.304314,8,81601
39.236653,-107.161909,1,81623
34.705471,-107.020536,3,87031
38.395065,-106.953683,1,81230
35.268498,-106.783682,1,87124
42.857603,-106.770764,1,82604
35.134802,-106.75494,2,87120
35.19364,-106.685666,1,87114
34.606524,-106.659036,2,87002
35.1378,-106.642543,2,87107
35.05792,-106.621262,2,87106
35.072478,-106.578362,1,87108
35.152882,-106.575536,1,87109
31.814872,-106.561208,1,79922
31.848583,-106.534316,2,79912
35.100609,-106.516275,2,87112
35.191009,-106.501625,2,87122
31.783715,-106.498544,1,79902
35.143913,-106.48746,5,87111
31.852764,-106.447636,2,79904
43.088983,-106.381848,1,82601
35.840721,-106.288109,9,87544
32.231243,-106.230566,1,88081
35.076686,-106.182589,1,87015
35.616815,-105.874874,1,87505
36.39145,-105.467624,1,87571
40.039191,-105.372017,2,80302
39.379452,-105.324766,1,80470
39.975334,-105.248158,5,80305
39.718726,-105.236031,1,80401
40.169014,-105.210376,1,80503
39.694967,-105.173161,1,80228
40.518836,-105.143224,1,80526
40.594597,-105.127416,3,80521
39.816686,-105.122787,2,80004
39.744773,-105.115977,1,80215
40.164837,-105.103179,2,80501
39.772326,-105.103009,1,80033
40.01225,-105.099734,1,80026
39.712845,-105.091519,1,80226
39.563846,-105.078981,1,80128
39.930782,-105.074287,3,80020
39.61601,-105.069449,2,80123
39.695293,-105.035601,1,80219
40.163388,-105.030087,1,80504
40.647612,-105.029257,1,80524
39.593836,-105.01146,1,80120
40.494596,-105.004639,1,80528
39.909994,-105.002506,1,80234
39.676626,-104.962315,1,80210
39.899671,-104.946561,1,80233
41.092356,-104.936269,1,82001
39.530958,-104.923416,1,80130
39.687765,-104.911337,1,80224
39.698327,-104.878815,1,80247
39.739249,-104.862881,1,80010
38.928208,-104.852626,1,80919
39.09941,-104.84653,1,80132
39.663558,-104.838067,2,80014
38.83149,-104.814501,4,80903
38.197683,-104.810446,1,81005
40.107238,-104.801093,1,80621
40.403315,-104.792917,1,80634
38.910393,-104.780362,3,80918
39.62732,-104.779035,1,80015
39.4855,-104.778638,2,80134
38.853475,-104.775218,2,80909
39.661408,-104.765655,1,80013
38.886168,-104.745264,2,80917
38.849797,-104.717043,1,80915
41.08307,-104.707126,1,82007
39.602253,-104.705114,1,80016
39.409358,-104.572571,5,80107
29.39623,-103.617232,1,79852
34.499384,-103.275272,3,88101
34.582808,-103.099614,1,88135
36.098587,-102.603518,2,79022
31.866262,-102.537544,1,79764
31.799158,-102.47409,1,79763
31.855051,-102.350647,2,79761
32.053604,-102.20166,3,79707
31.979427,-102.132366,1,79703
31.992384,-102.081464,6,79701
32.051211,-102.059634,2,79705
31.848988,-102.005075,1,79706
33.600102,-101.982772,2,79416
33.468334,-101.94769,2,79424
35.174715,-101.92975,3,79121
33.701386,-101.897836,2,79415
35.203066,-101.895003,1,79106
33.570071,-101.891011,1,79410
35.166416,-101.886423,5,79109
33.547402,-101.885644,1,79413
33.585909,-101.878382,4,79406
33.570034,-101.857733,2,79411
33.439976,-101.855463,3,79423
35.230592,-101.802502,1,79107
48.144826,-101.326016,1,58701
32.887589,-100.841389,2,79549
31.610896,-100.553311,5,76901
31.27837,-100.405795,1,76904
37.723603,-100.057186,1,67801
32.333551,-99.927724,1,79603
32.415823,-99.90623,5,79563
29.362904,-99.898132,1,78801
32.43035,-99.832641,2,79607
32.362783,-99.817314,2,79606
32.434599,-99.781827,10,79605
32.462235,-99.715894,1,79699
32.335677,-99.667488,3,79602
32.576489,-99.665323,1,79601
27.545404,-99.461989,2,78041
32.335802,-99.350571,3,79504
38.876881,-99.349544,1,67601
34.641313,-99.31594,3,73521
40.721039,-99.164684,5,68845
40.76003,-99.017084,1,68847
37.634439,-98.773642,1,67124
29.537782,-98.734752,2,78254
29.859217,-98.706275,5,78006
29.462006,-98.676785,1,78251
29.503453,-98.664636,1,78250
34.795717,-98.629094,2,73507
29.624725,-98.624048,2,78256
29.56527,-98.619211,2,78249
29.391283,-98.618734,3,78236
29.471464,-98.617755,1,78238
31.891101,-98.614553,2,76442
29.52502,-98.606564,3,78240
29.460646,-98.571279,1,78228
29.501708,-98.569451,1,78229
33.894941,-98.54367,1,76309
33.852942,-98.54073,2,76308
29.387986,-98.526019,1,78225
33.943784,-98.523064,3,76306
33.799085,-98.50984,3,76310
33.969523,-98.509016,1,76311
29.634097,-98.497426,2,78258
29.537264,-98.487882,4,78216
34.576274,-98.481242,13,73505
33.905544,-98.479881,1,76301
29.588638,-98.474585,2,78232
29.395776,-98.464401,2,78210
29.488906,-98.456235,4,78209
29.769466,-98.453225,3,78163
29.627214,-98.427068,2,78259
29.538074,-98.415198,6,78217
29.585862,-98.406811,4,78247
34.906219,-98.40022,1,73006
29.49163,-98.397127,2,78218
29.89476,-98.390967,1,78070
29.311912,-98.390911,1,78223
26.228735,-98.376166,1,78572
26.318913,-98.370054,1,78574
29.518637,-98.362961,1,78239
29.556038,-98.360283,2,78233
29.474147,-98.348083,2,78244
34.359644,-98.345276,1,73572
38.600789,-98.340484,1,67459
29.6562,-98.33912,1,78266
35.456816,-98.315115,1,73047
29.487774,-98.291474,2,78109
34.557945,-98.290973,4,73501
40.94804,-98.290699,2,68801
30.800718,-98.283025,1,78611
29.547068,-98.262642,1,78154
31.102377,-98.25934,1,76550
29.889085,-98.244624,1,78133
35.051308,-98.240141,1,73005
26.271965,-98.23657,1,78504
32.216328,-98.217166,1,76402
30.581216,-98.208732,2,78654
32.282235,-98.196717,3,76401
38.372211,-98.195208,1,67554
29.758823,-98.190462,1,78132
33.219585,-98.188154,5,76458
30.034449,-98.142776,1,78676
30.224134,-98.134815,1,78620
32.799602,-98.126806,2,76067
40.643601,-98.094793,1,68944
29.696878,-98.070726,2,78130
32.527015,-98.008849,3,76462
36.427053,-97.969332,4,73703
31.219045,-97.968224,1,76522
29.880162,-97.966164,9,78666
35.509391,-97.959769,1,73036
30.190321,-97.956989,4,78737
35.852627,-97.952374,1,73750
30.37835,-97.951209,2,78734
30.69088,-97.941426,1,78642
29.54277,-97.937078,1,78155
29.241795,-97.922547,1,78160
30.132806,-97.874687,1,78652
34.505317,-97.865916,1,73533
27.444204,-97.865597,1,78363
30.216168,-97.856006,2,78749
30.430749,-97.840085,3,78726
30.078514,-97.838012,1,78610
30.370456,-97.835844,2,78730
31.017077,-97.833092,2,76549
29.999103,-97.828207,1,78640
30.503949,-97.8242,4,78613
30.16711,-97.823998,5,78748
32.421697,-97.811051,1,76048
30.841795,-97.809699,1,76527
30.295424,-97.80835,1,78746
30.418557,-97.802545,3,78750
30.206844,-97.79742,4,78745
32.682733,-97.782298,4,76087
30.348236,-97.768136,3,78731
30.293268,-97.76605,2,78703
30.243032,-97.765081,4,78704
30.402654,-97.761064,15,78759
31.143642,-97.761047,1,76544
31.417256,-97.755604,1,76528
30.458396,-97.755344,5,78729
30.647924,-97.753177,4,78628
30.492379,-97.748312,8,78717
31.009641,-97.746417,4,76542
30.32223,-97.740167,2,78756
26.48774,-97.738953,1,78580
30.294333,-97.738517,10,78705
32.970044,-97.733748,1,76082
30.351538,-97.732571,1,78757
31.112884,-97.729602,1,76541
30.534355,-97.725618,9,78681
30.310783,-97.722757,5,78751
30.429937,-97.717796,10,78727
30.289963,-97.714696,3,78722
30.263378,-97.714483,1,78702
30.230475,-97.714082,12,78741
30.38798,-97.706853,7,78758
32.459828,-97.706694,1,76049
30.331818,-97.704294,1,78752
30.452674,-97.689368,7,78728
30.304265,-97.685722,6,78723
29.871471,-97.676772,1,78644
30.382481,-97.673467,2,78753
33.372433,-97.669953,3,76225
26.255523,-97.667502,3,78550
35.458482,-97.662381,1,73128
38.831846,-97.654491,1,67401
35.477422,-97.653194,1,73127
30.501747,-97.647206,16,78664
35.616598,-97.645321,4,73142
30.355657,-97.644682,2,78754
31.050856,-97.644625,1,76548
35.582011,-97.640928,2,73162
35.428391,-97.640843,1,73179
35.552908,-97.635848,1,73132
32.695708,-97.631482,2,76008
26.106086,-97.629292,1,78586
35.520484,-97.61344,1,73122
30.438534,-97.59458,10,78660
35.387855,-97.578835,1,73159
35.481606,-97.575612,3,73107
35.51817,-97.575423,2,73112
35.581316,-97.573674,3,73120
35.614168,-97.568447,2,73134
35.546701,-97.564592,2,73116
32.900196,-97.561179,5,76020
35.325769,-97.552609,1,73170
32.425936,-97.539874,3,76044
35.481967,-97.536812,1,73106
35.386417,-97.525661,2,73139
32.787009,-97.523856,3,76108
30.339696,-97.523512,1,78653
33.276319,-97.514178,2,76234
32.276663,-97.508356,1,76033
35.212702,-97.504181,14,73072
32.63587,-97.503481,1,76126
31.051688,-97.499909,3,76513
35.668905,-97.49738,13,73003
30.094098,-97.495104,1,78612
35.618788,-97.484375,6,73013
32.847326,-97.482178,2,76135
27.65787,-97.479816,2,78415
35.332438,-97.475217,6,73160
33.093365,-97.462793,5,76078
35.249662,-97.462408,7,73069
32.720723,-97.447033,8,76116
33.00085,-97.444409,3,76071
35.442343,-97.441523,3,73115
37.702404,-97.438899,8,67212
34.107709,-97.434852,1,73463
35.703414,-97.434052,2,73034
32.913522,-97.433835,13,76179
35.400268,-97.433076,2,73135
37.651239,-97.428543,1,67209
35.859572,-97.422809,7,73044
32.581858,-97.420575,2,76036
32.667305,-97.416615,5,76132
31.103931,-97.41202,1,76502
35.238349,-97.411896,3,73071
27.683277,-97.406289,3,78413
32.774494,-97.402276,4,76114
27.768021,-97.399135,1,78404
35.419088,-97.394046,2,73145
32.619833,-97.393562,5,76123
32.210496,-97.392571,1,76093
32.70065,-97.386965,9,76109
27.729894,-97.385247,1,78411
27.892132,-97.384238,8,78374
32.742058,-97.38173,10,76107
32.652918,-97.379538,4,76133
32.986624,-97.377255,7,76052
37.700763,-97.365701,1,67203
37.667476,-97.364194,2,67213
37.618074,-97.362465,5,67217
33.898323,-97.361382,2,73430
30.338584,-97.361224,1,78621
37.767146,-97.360492,1,67204
32.816503,-97.359532,1,76106
32.881807,-97.345955,1,76131
35.458633,-97.345632,1,73130
27.703573,-97.345045,8,78412
33.099993,-97.340499,7,76247
32.707831,-97.338265,6,76110
32.639029,-97.335106,5,76134
32.6785,-97.330511,2,76115
32.346162,-97.328078,1,76031
37.707178,-97.31775,1,67214
37.66688,-97.317453,1,67211
37.860576,-97.312763,1,67147
37.611061,-97.312708,2,67216
33.198704,-97.311628,1,76259
32.532666,-97.306547,11,76028
34.164985,-97.297643,1,73443
32.859685,-97.291523,24,76137
37.668511,-97.280418,3,67218
37.703847,-97.279266,1,67208
37.751156,-97.278361,1,67220
35.24046,-97.275732,1,73026
32.620058,-97.274934,3,76140
32.749099,-97.272957,3,76103
27.627121,-97.269242,4,78418
32.803436,-97.267376,3,76117
31.195905,-97.265253,2,76579
31.529664,-97.260442,2,76712
31.075303,-97.252433,2,76501
32.868421,-97.252132,6,76148
34.748808,-97.232285,1,73075
37.665576,-97.227205,4,67207
33.009335,-97.22672,23,76262
32.840011,-97.225295,21,76180
32.924009,-97.225148,28,76248
32.747426,-97.217658,3,76112
31.627123,-97.215893,2,76708
33.373051,-97.213359,3,76266
32.414944,-97.196367,2,76009
31.539723,-97.195009,4,76710
32.800434,-97.192762,7,76118
32.689222,-97.18913,9,76016
33.227695,-97.183844,3,76207
32.775915,-97.180963,2,76120
32.8172,-97.180586,14,76053
32.85941,-97.178636,15,76054
27.926913,-97.177776,1,78336
33.661583,-97.17635,2,76240
33.114675,-97.173782,3,76226
34.466145,-97.164542,1,73030
32.662513,-97.164024,11,76017
31.553876,-97.159082,1,76707
32.719328,-97.155028,9,76013
32.891787,-97.149641,5,76034
36.702158,-97.148862,2,74601
32.635563,-97.148829,7,76001
32.959922,-97.148582,3,76092
33.220974,-97.146038,18,76201
32.830658,-97.145157,5,76022
32.570725,-97.144834,7,76063
32.75513,-97.139242,15,76012
32.692186,-97.133304,4,76015
32.852971,-97.130443,7,76021
33.192632,-97.129266,1,76205
31.576824,-97.127249,1,76704
33.03489,-97.124906,8,75022
34.203289,-97.11552,10,73401
27.777437,-97.114983,1,78373
33.231569,-97.109882,5,76209
32.784952,-97.100052,7,76006
31.620954,-97.09851,3,76705
32.665076,-97.096815,3,76018
33.149467,-97.096016,11,76210
32.622321,-97.093204,4,76002
32.814107,-97.091323,5,76040
32.692105,-97.086517,2,76014
32.860285,-97.086028,6,76039
31.475671,-97.083854,2,76706
36.169169,-97.083226,7,74075
32.754272,-97.083196,5,76011
35.426235,-97.081938,1,74851
32.722844,-97.080239,2,76010
29.202338,-97.076333,1,77995
36.078949,-97.074012,5,74074
32.925765,-97.071545,23,76051
28.132627,-97.06207,2,78382
35.957081,-97.061042,2,74059
33.081367,-97.061017,15,75077
33.03271,-97.06007,10,75028
33.208811,-97.055133,10,76208
28.067971,-97.042224,1,78358
32.59121,-97.039429,1,75054
42.213113,-97.03097,1,68787
32.664953,-97.024692,5,75052
28.938252,-97.02035,4,77904
32.776671,-97.009389,9,75050
33.110351,-97.005469,4,75065
33.013546,-97.00016,31,75067
32.874833,-96.996735,7,75038
32.72944,-96.996462,2,75051
33.273449,-96.990119,2,76227
32.920435,-96.985989,13,75063
28.804947,-96.984711,2,77901
32.963417,-96.984664,10,75019
37.664428,-96.976424,1,67010
35.315129,-96.969671,4,74801
35.220987,-96.969539,1,74873
32.825907,-96.966915,1,75061
32.580181,-96.964675,6,75104
32.636077,-96.964622,1,75249
32.84737,-96.957871,11,75062
32.796608,-96.954903,12,75060
33.176495,-96.950551,6,75068
40.622183,-96.949812,1,68333
32.885259,-96.942108,3,75039
30.167624,-96.923038,1,78942
35.391465,-96.921469,9,74804
32.643212,-96.916468,3,75137
33.070292,-96.912391,9,75056
32.66066,-96.911882,4,75116
32.736986,-96.907815,3,75211
35.519045,-96.898554,9,74855
32.962473,-96.89817,7,75006
33.005262,-96.896742,18,75007
32.923189,-96.891721,5,75234
35.701353,-96.884595,1,74834
32.781246,-96.878831,1,75212
32.868529,-96.876118,1,75220
33.050164,-96.87454,5,75010
35.888673,-96.871192,1,74824
32.893295,-96.864339,4,75229
33.146336,-96.856347,7,75034
32.832614,-96.849082,1,75235
32.999309,-96.841688,15,75287
32.753141,-96.839613,2,75208
32.960047,-96.838522,2,75001
32.925283,-96.8368,5,75244
46.927094,-96.834703,1,58102
32.84831,-96.825474,1,75209
32.811847,-96.812903,1,75219
33.034225,-96.811607,23,75093
32.521773,-96.807315,5,75154
32.779274,-96.804786,1,75202
33.075422,-96.802686,18,75024
32.944622,-96.801792,10,75254
32.969699,-96.797334,10,75248
32.835893,-96.795514,14,75205
32.902679,-96.793393,5,75230
32.864887,-96.790359,5,75225
33.163129,-96.790192,14,75035
32.802132,-96.788852,7,75204
32.997373,-96.788213,14,75252
32.930338,-96.787496,7,75240
32.372201,-96.784944,8,75165
32.711324,-96.781215,1,75216
37.857264,-96.780718,3,67042
32.617663,-96.778058,1,75134
34.089592,-96.777798,1,73446
32.782826,-96.776443,1,75226
32.831279,-96.771191,11,75206
33.338899,-96.752977,2,75009
32.562744,-96.752161,2,75146
32.873485,-96.747539,4,75231
32.792244,-96.744003,3,75223
32.976063,-96.74208,26,75080
33.021268,-96.741558,14,75075
33.090085,-96.740008,14,75025
32.912633,-96.736637,9,75243
34.978391,-96.735519,2,74849
33.056756,-96.730831,24,75023
32.948918,-96.709719,14,75081
36.221128,-96.708163,1,74045
32.878497,-96.707819,6,75238
40.868266,-96.705455,1,68521
40.818272,-96.703937,2,68508
33.656879,-96.703808,2,75092
32.841987,-96.702574,3,75218
40.78581,-96.698002,3,68502
33.172033,-96.69627,17,75070
33.114327,-96.693964,3,75013
32.767119,-96.689321,1,75227
32.824924,-96.679438,8,75228
32.710306,-96.678549,1,75217
30.541565,-96.676232,1,77836
32.911702,-96.674838,6,75042
33.031561,-96.673164,7,75074
32.991557,-96.663063,4,75082
32.880196,-96.651555,5,75041
32.964607,-96.649686,15,75044
40.735276,-96.64279,1,68516
40.806237,-96.635703,3,68510
33.245879,-96.631295,2,75071
32.817309,-96.630277,24,75150
32.5367,-96.621747,1,75125
32.716601,-96.620085,2,75180
32.928902,-96.619782,12,75040
40.824839,-96.619262,1,68505
32.771707,-96.616717,6,75149
33.021793,-96.615482,1,75094
40.936247,-96.61502,1,68517
40.858885,-96.614848,1,68507
33.089587,-96.607767,13,75002
33.770785,-96.604061,1,75020
32.325868,-96.588241,1,75119
33.179994,-96.586856,1,75069
32.969008,-96.580883,7,75048
32.857617,-96.576325,11,75043
32.725663,-96.558988,7,75181
29.693447,-96.557401,6,78934
32.938077,-96.556367,7,75089
33.604131,-96.550405,2,75090
32.897846,-96.550385,11,75088
32.80051,-96.547563,1,75182
32.6058,-96.542308,1,75159
33.012135,-96.534936,16,75098
32.084915,-96.528172,1,75110
40.847113,-96.524224,1,68527
39.157803,-96.521914,5,66502
40.952129,-96.519659,1,68462
33.727126,-96.470794,4,75021
32.743178,-96.4549,2,75126
32.943901,-96.452875,7,75087
32.851681,-96.43617,5,75032
33.912019,-96.430988,1,74730
40.804571,-96.425835,1,68347
30.215075,-96.410272,5,77833
33.061789,-96.393331,1,75173
30.681053,-96.386067,4,77803
34.006822,-96.378921,2,74701
32.945503,-96.375325,1,75132
30.639285,-96.362454,4,77801
33.174219,-96.356004,6,75442
30.609093,-96.325984,20,77840
30.661252,-96.322612,6,77802
30.797736,-96.312084,2,77808
32.94205,-96.31166,1,75189
32.758408,-96.301323,2,75160
29.212328,-96.280585,4,77437
30.561385,-96.272583,6,77845
32.568801,-96.255103,2,75142
29.987117,-96.252942,3,77418
41.278064,-96.246536,1,68022
41.207379,-96.193646,1,68135
41.168702,-96.186946,1,68136
41.263857,-96.179006,1,68118
32.738471,-96.169166,1,75161
42.139159,-96.168318,1,51063
35.993142,-96.164294,1,74066
41.546712,-96.162811,1,68008
31.064172,-96.126916,1,77871
41.205825,-96.118601,1,68137
32.924709,-96.113355,2,75474
33.189011,-96.10887,1,75401
41.371146,-96.10708,1,68142
41.296881,-96.106748,2,68164
33.068454,-96.084274,3,75402
36.728272,-96.067573,10,74003
30.099931,-96.065554,2,77445
33.349615,-96.057939,1,75496
41.12182,-96.052767,1,68046
41.263205,-96.050513,1,68114
36.179654,-96.045507,1,74127
35.761858,-96.04415,2,74421
36.115021,-96.032367,1,74107
35.945975,-96.007443,2,74033
41.295431,-96.002289,1,68104
35.640224,-96.001771,1,74447
32.703269,-95.994666,1,75169
36.142076,-95.989166,1,74119
36.097442,-95.961087,7,74105
41.374859,-95.959052,2,68112
36.146469,-95.954005,5,74104
41.208271,-95.953445,2,68107
36.126943,-95.946695,6,74114
41.101821,-95.943504,2,68123
36.0624,-95.941457,2,74136
30.079593,-95.932264,1,77484
36.019356,-95.931955,2,74137
36.096205,-95.924016,3,74135
33.271869,-95.917415,2,75428
32.989261,-95.912936,1,75453
36.147036,-95.902328,2,74112
36.712435,-95.895038,19,74006
41.142686,-95.892969,2,68005
36.097138,-95.890482,3,74145
32.518146,-95.888865,1,75103
36.039272,-95.877428,5,74133
35.923478,-95.877013,1,74008
36.12624,-95.871215,1,74129
29.548404,-95.861706,4,77471
36.188754,-95.842578,1,74116
29.853215,-95.831456,1,77493
29.74063,-95.829571,4,77494
35.981808,-95.809192,2,74011
36.051397,-95.805771,4,74012
41.223238,-95.784458,1,51503
30.156257,-95.74926,1,77355
33.745236,-95.744327,1,75486
29.745681,-95.742143,6,77450
29.837561,-95.733756,7,77449
39.039022,-95.726188,3,66604
36.180425,-95.702838,1,74015
39.467881,-95.698276,1,66436
39.018756,-95.696387,2,66611
30.306163,-95.68639,1,77316
30.061727,-95.681504,1,77377
36.055628,-95.680816,1,74014
29.482678,-95.680186,9,77469
29.997775,-95.669444,4,77429
29.827486,-95.65992,2,77084
36.695375,-95.658799,1,74048
29.909215,-95.651234,3,77095
29.694472,-95.649627,1,77083
30.216858,-95.647214,4,77354
29.72449,-95.640002,5,77082
29.566996,-95.636016,5,77479
35.955524,-95.627569,1,74429
29.750233,-95.615384,2,77077
29.620312,-95.605693,2,77478
33.655162,-95.605194,17,75460
29.926556,-95.603242,3,77065
36.284765,-95.603194,1,74019
29.776093,-95.603037,1,77079
36.390961,-95.587812,4,74017
29.670869,-95.58599,1,77099
30.094886,-95.585826,2,77375
29.812687,-95.583634,1,77043
29.8586,-95.580768,1,77041
29.97967,-95.572835,7,77070
29.741325,-95.560254,5,77042
28.960572,-95.558277,1,77422
30.194985,-95.548211,2,77382
30.438807,-95.533229,2,77318
29.988446,-95.531201,1,77069
29.529061,-95.530597,8,77459
30.040876,-95.528919,19,77379
29.874575,-95.527099,2,77040
29.736295,-95.523292,1,77063
29.815893,-95.522964,5,77080
32.271436,-95.521442,1,75758
29.652393,-95.521183,1,77071
30.123428,-95.517064,1,77389
29.687947,-95.515725,1,77074
29.600434,-95.515549,1,77489
30.324546,-95.505008,3,77304
29.957234,-95.503258,8,77066
30.178248,-95.50096,9,77381
30.233845,-95.495681,1,77384
33.624551,-95.490113,2,75462
29.917695,-95.489993,1,77086
29.653418,-95.475296,1,77035
30.059307,-95.470689,4,77388
29.748202,-95.468948,3,77056
30.136972,-95.46836,3,77380
29.981209,-95.463971,1,77014
29.704019,-95.460905,2,77401
29.881487,-95.452619,6,77088
32.681453,-95.447702,1,75773
29.952629,-95.446609,1,77067
29.918595,-95.441194,1,77038
30.00824,-95.438996,1,77090
30.307375,-95.438548,4,77301
31.513801,-95.437616,1,75844
29.826448,-95.426267,3,77018
32.816432,-95.424745,1,75783
29.718435,-95.423555,1,77005
29.734813,-95.416098,1,77098
29.68025,-95.404913,2,77054
29.706787,-95.401748,4,77030
35.966337,-95.392663,1,74467
29.89036,-95.392527,1,77037
29.74097,-95.391302,2,77006
32.304235,-95.390814,1,75709
30.062169,-95.383966,6,77373
29.756845,-95.365652,1,77002
30.471374,-95.363872,2,77378
29.69843,-95.3569,1,77021
30.100394,-95.356377,2,77386
29.545325,-95.350068,5,77584
38.892426,-95.346521,1,66047
38.978105,-95.344139,1,66049
30.221853,-95.338811,1,77302
32.235066,-95.321028,9,75703
35.670516,-95.306945,7,74403
32.321937,-95.302223,6,75701
29.561554,-95.279739,4,77581
29.021218,-95.278251,1,77541
32.917192,-95.25986,6,75494
29.944166,-95.258689,1,77396
31.945137,-95.25698,1,75766
29.689824,-95.252393,1,77017
29.380858,-95.241857,1,77511
29.586959,-95.225601,3,77089
36.677726,-95.224726,1,74301
30.046777,-95.221022,4,77339
39.023294,-95.208909,2,66044
31.779325,-95.19267,2,75785
29.515074,-95.192133,3,77546
29.619365,-95.191192,1,77034
30.161219,-95.189761,1,77357
32.301523,-95.177964,1,75707
29.994499,-95.177499,6,77346
29.76393,-95.173121,4,77015
30.053105,-95.157943,2,77345
29.832928,-95.14904,1,77049
29.645644,-95.140315,1,77505
29.53864,-95.1361,1,77598
29.573552,-95.130613,2,77062
29.698461,-95.121268,3,77536
29.613602,-95.11937,2,77059
30.846249,-95.117513,2,77360
29.785907,-95.117207,1,77530
29.561579,-95.099626,3,77058
47.0275,-95.098576,2,56470
29.360426,-95.087402,1,77510
29.50379,-95.087307,2,77573
46.644616,-95.000175,1,56477
32.791087,-94.999833,3,75644
35.927971,-94.982454,1,74464
29.802438,-94.970225,2,77521
38.815137,-94.940266,2,66030
30.054436,-94.921994,3,77535
38.893764,-94.879975,3,66061
32.384458,-94.870169,2,75662
39.030902,-94.859095,1,66226
32.509164,-94.824416,6,75604
38.835366,-94.778679,2,66062
38.952366,-94.77622,1,66219
39.11452,-94.773577,2,66112
38.957701,-94.744269,3,66215
30.075658,-94.733441,2,77575
32.582292,-94.725315,4,75605
39.219074,-94.72473,1,64152
32.509075,-94.724433,4,75601
38.898859,-94.708219,2,66213
38.921707,-94.704655,1,66210
38.990381,-94.678214,1,66204
38.863482,-94.668479,2,66223
32.449538,-94.666065,3,75602
31.301706,-94.641414,2,75901
38.8996,-94.638358,3,66209
39.214394,-94.630168,1,64151
31.723329,-94.628596,2,75965
38.957802,-94.598599,2,64114
39.05758,-94.593879,2,64111
38.936041,-94.585011,2,64131
36.559367,-94.58334,1,64863
39.27241,-94.580082,1,64155
39.148811,-94.575242,3,64116
39.212744,-94.572366,4,64118
38.789354,-94.543625,1,64012
39.209967,-94.514665,2,64119
37.022425,-94.50942,1,64804
31.558383,-94.504452,1,75961
38.967119,-94.467927,1,64138
39.013941,-94.455876,1,64133
32.569858,-94.418658,1,75670
38.907046,-94.403932,1,64081
39.050847,-94.397998,2,64055
33.714994,-94.39765,1,71836
45.579025,-94.389459,1,56321
45.988419,-94.373531,1,56345
35.350978,-94.361247,3,72903
46.577263,-94.356201,2,56472
38.911994,-94.351673,1,64063
35.466,-94.349293,5,72956
38.624513,-94.329255,5,64701
39.113308,-94.319802,7,64056
39.015059,-94.312605,2,64015
32.468303,-94.299079,2,75672
36.105701,-94.296796,3,72704
38.899171,-94.272385,4,64086
36.346567,-94.25628,2,72712
39.00676,-94.255136,3,64014
30.065065,-94.252206,2,77713
36.181583,-94.230652,1,72762
36.467299,-94.220903,2,72714
45.574485,-94.213691,1,56303
42.491431,-94.196626,1,50501
31.732513,-94.19129,3,75935
41.027101,-94.191097,1,50830
30.102291,-94.173449,6,77706
30.053431,-94.170654,3,77707
39.455731,-94.163205,1,64062
30.145017,-94.160386,1,77708
38.999815,-94.145243,1,64075
30.649823,-94.14075,1,77660
33.37187,-94.139816,3,75501
33.511784,-94.133888,8,75503
46.322919,-94.12521,1,56401
36.460064,-94.115428,1,72751
30.136892,-94.111285,1,77703
36.247242,-94.103144,1,72745
46.67746,-94.101479,1,56442
44.215472,-94.090358,3,56003
45.396331,-94.086052,1,55320
35.992387,-94.085584,3,72701
36.175682,-94.060223,3,72764
36.118332,-94.043243,4,72703
41.611504,-94.043026,1,50003
29.986791,-94.009416,7,77627
44.128325,-93.978863,1,56001
29.985972,-93.955832,1,77651
32.490693,-93.92546,1,71119
29.947516,-93.918571,4,77619
29.95802,-93.891921,1,77642
33.451415,-93.881829,2,71854
30.071743,-93.864976,1,77630
45.292082,-93.838711,1,55362
39.154878,-93.830311,1,64067
30.014437,-93.82824,1,77611
41.692119,-93.805376,2,50111
30.201442,-93.804542,3,77632
41.77088,-93.800631,1,50109
41.552968,-93.745011,1,50265
45.377771,-93.744335,1,55309
41.634164,-93.73436,1,50322
32.483775,-93.731646,1,71104
32.378473,-93.730665,1,71106
41.69212,-93.715156,4,50131
32.456691,-93.70989,5,71105
35.832945,-93.706729,2,72760
41.455311,-93.705269,1,50211
42.046297,-93.694448,5,50014
41.601033,-93.672868,2,50311
45.248559,-93.65982,1,55301
42.026751,-93.645873,1,50012
44.810785,-93.636248,2,55318
32.444413,-93.63312,1,71112
42.030822,-93.58849,2,50010
32.268803,-93.579561,1,71115
39.805381,-93.579097,3,64601
45.334168,-93.568216,1,55330
41.724208,-93.565423,1,50021
44.858704,-93.550209,1,55317
44.956401,-93.538993,1,55391
35.509167,-93.515619,2,72830
45.106403,-93.497029,2,55311
45.03914,-93.489701,1,55446
45.001096,-93.489561,2,55447
44.915442,-93.48443,1,55345
36.793766,-93.46783,1,65656
41.645012,-93.45909,1,50009
45.288281,-93.4311,1,55303
45.006321,-93.424636,1,55441
44.914372,-93.416254,1,55343
44.682387,-93.413588,4,55372
44.823123,-93.381428,1,55438
44.90414,-93.373157,1,55436
30.290269,-93.37169,1,70663
41.533906,-93.368536,1,50237
45.117609,-93.338118,1,55443
37.165185,-93.325004,2,65807
44.825914,-93.310998,1,55431
37.119534,-93.309929,1,65810
45.103924,-93.301691,1,55444
37.205585,-93.299157,5,65806
44.730944,-93.291381,1,55306
37.28314,-93.289599,2,65803
44.87446,-93.282529,1,55423
44.642096,-93.276269,3,55044
44.778472,-93.272269,1,55337
45.096587,-93.254518,1,55432
45.163716,-93.250487,2,55434
36.669373,-93.248879,1,65616
44.971814,-93.233696,1,55455
44.90444,-93.230407,2,55417
44.979513,-93.227354,1,55414
38.698269,-93.225707,3,65301
30.226792,-93.215443,1,70601
36.982818,-93.209226,4,65721
44.806834,-93.201339,2,55122
43.153169,-93.19982,2,50401
30.038425,-93.190125,3,70607
37.166589,-93.182484,1,65809
44.982482,-93.17488,1,55108
44.953899,-93.164457,1,55104
45.012196,-93.151186,1,55113
44.964258,-93.122627,1,55103
44.931734,-93.121464,1,55102
34.448083,-93.095565,1,71913
45.003562,-93.09128,1,55117
42.224136,-93.073131,1,50258
44.819227,-93.068994,3,55077
44.888027,-93.040497,1,55075
44.550758,-93.024955,1,55065
44.987546,-92.963553,1,55128
44.987826,-92.909592,1,55042
41.420905,-92.896537,1,50219
33.071881,-92.818579,1,71749
32.494104,-92.64212,4,71270
44.847472,-92.606877,1,54022
40.166289,-92.59121,2,63501
34.660794,-92.527512,1,72002
34.7139,-92.50845,1,72210
44.069818,-92.506581,1,55901
34.607453,-92.488535,3,72022
42.531814,-92.487461,1,50613
35.049921,-92.486049,4,72034
31.274156,-92.467107,1,71301
30.22709,-92.431559,1,70534
34.750556,-92.417622,2,72211
38.884324,-92.398565,2,65203
34.859543,-92.397596,2,72113
31.197018,-92.37022,1,71302
35.065889,-92.362874,2,72032
34.717617,-92.358338,1,72204
34.750326,-92.351206,1,72205
31.328109,-92.350376,2,71360
34.773531,-92.346499,1,72207
34.676378,-92.345074,1,72209
42.418259,-92.339821,1,50701
34.84038,-92.325288,2,72118
34.900292,-92.241495,2,72120
38.900944,-92.238425,4,65201
34.730509,-92.233147,2,72202
32.396678,-92.214764,1,71292
32.565664,-92.172926,8,71291
30.202279,-92.16158,1,70529
34.265166,-92.145566,1,71602
34.916269,-92.139537,1,72076
32.532695,-92.105168,2,71201
30.533657,-92.104961,1,70570
46.800825,-92.095784,1,55805
34.964293,-92.063696,1,72023
30.155239,-92.028225,1,70508
32.582214,-92.01842,5,71203
42.335824,-92.001362,1,52210
38.841849,-91.977132,2,65251
32.864539,-91.908541,1,71220
29.921943,-91.878669,1,70560
36.700074,-91.858053,1,65775
30.298246,-91.83357,1,70517
30.161555,-91.783868,1,70582
37.900035,-91.768578,4,65401
41.692718,-91.762785,1,52322
41.983384,-91.746369,1,52405
35.249093,-91.726214,1,72149
41.299352,-91.711487,6,52353
32.148625,-91.707292,1,71295
41.923056,-91.698866,4,52404
42.04677,-91.686869,2,52233
41.652313,-91.570407,1,52246
41.965959,-91.566054,2,52403
34.427743,-91.528699,1,72160
44.836452,-91.518514,1,54703
42.187872,-91.509266,1,52214
42.070516,-91.432362,2,52336
30.37742,-91.298207,1,70719
42.119767,-91.286294,1,52205
30.414307,-91.177653,1,70803
43.806197,-91.140529,3,54601
30.404141,-91.139138,3,70808
30.448759,-91.124753,1,70806
30.332364,-91.091478,1,70810
30.394045,-91.070972,4,70809
38.535239,-91.04884,1,63090
30.431813,-91.021967,4,70816
30.472459,-91.009536,1,70819
30.30743,-90.940643,2,70769
30.22238,-90.922197,1,70737
30.607221,-90.907376,1,70706
30.425575,-90.88612,2,70726
32.230115,-90.857925,2,39180
38.796993,-90.857261,1,63385
30.557101,-90.819236,2,70785
30.411567,-90.746721,1,70754
30.044055,-90.741628,1,70763
38.857443,-90.725492,2,63366
34.448956,-90.684489,1,72342
29.62765,-90.681803,1,70364
41.532417,-90.681401,4,52804
41.716455,-90.670392,1,52746
41.494514,-90.637187,1,52802
41.589689,-90.625902,6,52806
38.798905,-90.60754,1,63376
30.530369,-90.598868,1,70711
41.538947,-90.555977,2,52803
41.665736,-90.554955,1,52748
38.56984,-90.545689,2,63021
38.739882,-90.543744,3,63303
41.61068,-90.51685,2,52807
38.54962,-90.499888,2,63088
41.482387,-90.493492,1,61265
30.485236,-90.487941,1,70403
30.734462,-90.479388,1,70422
41.574299,-90.471528,1,52722
38.729739,-90.461383,2,63043
38.503348,-90.460968,1,63026
30.533587,-90.455381,4,70401
38.388903,-90.436886,1,63052
38.772791,-90.430046,1,63044
38.430371,-90.3921,4,63010
38.492427,-90.386513,1,63128
31.189344,-90.384302,1,39648
30.362846,-90.358594,1,70454
38.813468,-90.353928,1,63031
32.377538,-90.351758,1,39056
38.58845,-90.351341,2,63119
38.619024,-90.347719,1,63144
38.644308,-90.328202,1,63105
38.547432,-90.328109,1,63123
38.283878,-90.323662,1,62295
38.584601,-90.294432,2,63109
38.518452,-90.293514,2,63125
38.610412,-90.291723,3,63139
38.580814,-90.264108,1,63116
38.964906,-90.240063,2,62035
29.915778,-90.207605,1,70094
36.406767,-90.202573,1,72454
30.014032,-90.191345,1,70006
38.635181,-90.187001,1,63102
32.372405,-90.172455,1,39206
32.425874,-90.169852,1,39157
29.983724,-90.167179,1,70001
30.012223,-90.162523,2,70002
30.45886,-90.156595,2,70433
29.944727,-90.125661,1,70118
38.939532,-90.124504,1,62002
32.372134,-90.122605,1,39211
29.837276,-90.112449,1,70072
38.725838,-90.111791,1,62040
30.565961,-90.103423,1,70435
29.923968,-90.101795,1,70115
38.460653,-90.1007,1,62260
32.259773,-90.091589,3,39208
29.937353,-90.069648,2,70130
38.861343,-90.069002,1,62095
29.868864,-90.064875,1,70058
29.888653,-90.029014,2,70056
30.0182,-90.020724,1,70126
35.132549,-90.003728,1,38104
29.958602,-89.997477,2,70032
38.683215,-89.982058,1,62234
30.616728,-89.967389,1,70431
29.906312,-89.958343,2,70131
30.484687,-89.953028,1,70420
35.158933,-89.921214,1,38122
38.600069,-89.915479,4,62269
38.512111,-89.905289,1,62221
40.683232,-89.900619,1,61569
32.198148,-89.895597,1,39042
38.542964,-89.852114,1,62225
34.933929,-89.81628,1,38654
40.919018,-89.779203,1,61559
38.284874,-89.728709,1,62257
37.437854,-89.638598,2,63755
44.510664,-89.638254,1,54481
40.539343,-89.61832,2,61554
40.699807,-89.611514,1,61606
38.508311,-89.608827,1,62215
40.642116,-89.59956,1,61610
30.520513,-89.585934,1,39466
40.713236,-89.535816,1,61611
43.045313,-89.515378,2,53719
43.561484,-89.482922,1,53901
40.704146,-89.417889,1,61571
31.334884,-89.415848,2,39402
43.074397,-89.411502,1,53706
43.06849,-89.401708,2,53715
43.036157,-89.387108,1,53713
43.079575,-89.378389,1,53703
43.093146,-89.276619,1,53718
42.99717,-89.275479,8,53558
30.420066,-89.275043,1,39571
31.234109,-89.26589,5,39401
43.200235,-89.205195,2,53590
31.339576,-89.188147,9,39465
42.442353,-89.13849,1,61072
40.610446,-89.122717,1,61725
42.860824,-89.09331,1,53534
42.340261,-89.086492,1,61103
43.422362,-89.055328,1,53932
39.827583,-89.0478,1,62522
42.335503,-89.002745,1,61111
42.28529,-89.001692,1,61107
42.423717,-88.993849,6,61073
40.476771,-88.992995,4,61701
42.306605,-88.990894,2,61114
42.482064,-88.988025,1,61080
43.997757,-88.966832,1,54923
30.493085,-88.964318,1,39532
40.529083,-88.958937,3,61761
40.471127,-88.944538,3,61704
44.319336,-88.933068,1,54983
42.392526,-88.897904,1,61011
44.22037,-88.842561,1,54940
42.245919,-88.84113,1,61008
42.400588,-88.836952,1,61065
43.857119,-88.829249,2,54971
33.437929,-88.825166,1,39759
30.5802,-88.741183,1,39565
32.463029,-88.714721,2,39305
30.876501,-88.602718,1,39452
43.946895,-88.540285,1,54902
42.717008,-88.535398,1,53121
41.513357,-88.532418,1,60541
41.851532,-88.47645,1,60119
41.948188,-88.388701,2,60175
43.791998,-88.388482,1,54937
44.812344,-88.380546,1,54111
34.262049,-88.376308,1,38843
41.765385,-88.362227,4,60506
30.489535,-88.344106,1,36541
38.669452,-88.341669,1,62824
42.040644,-88.311296,3,60123
42.164741,-88.308625,1,60102
40.136481,-88.305307,1,61822
42.331147,-88.29518,1,60050
41.747452,-88.238622,3,60504
42.223188,-88.235532,1,60013
41.613637,-88.218719,3,60544
43.022155,-88.204676,1,53186
41.980446,-88.203407,2,60103
41.70743,-88.19482,4,60564
42.020586,-88.177771,1,60107
37.075226,-88.174049,1,42055
43.38963,-88.158004,1,53095
43.058938,-88.152779,4,53045
30.6257,-88.149746,2,36693
42.269669,-88.140911,1,60084
42.871352,-88.134318,1,53150
41.54859,-88.128928,1,60435
43.159363,-88.121527,2,53051
41.87272,-88.112442,1,60187
42.03482,-88.110285,2,60194
43.062401,-88.098804,1,53005
42.974779,-88.098607,1,53151
42.009666,-88.096644,1,60193
38.830094,-88.092198,1,62425
42.074962,-88.086284,1,60195
42.471077,-88.083818,2,60002
30.769623,-88.080073,1,36611
30.682219,-88.068135,1,36604
41.865213,-88.061479,3,60137
41.740329,-88.042149,1,60517
41.541747,-88.034728,2,60432
43.314732,-88.034639,1,53012
42.131462,-88.026329,1,60074
41.810554,-88.022796,1,60515
41.761302,-88.013394,1,60516
41.93106,-88.01305,1,60101
43.020327,-88.01287,2,53214
42.883879,-88.011548,1,53132
41.876897,-87.976328,1,60181
42.167465,-87.960653,1,60089
42.999261,-87.943078,1,53215
41.896843,-87.94124,2,60126
41.800683,-87.928172,2,60521
42.878693,-87.898676,1,53154
42.04958,-87.895,2,60016
43.045121,-87.891881,1,53202
42.52436,-87.88553,1,53158
42.911998,-87.859664,1,53172
41.825059,-87.847546,1,60513
42.726918,-87.830175,1,53405
42.561312,-87.82993,1,53143
41.698023,-87.829143,2,60465
41.813241,-87.82189,1,60534
41.994855,-87.813003,1,60631
41.702948,-87.77883,1,60415
43.815871,-87.764212,1,53083
41.972071,-87.756569,1,60630
41.920553,-87.756056,1,60639
41.63439,-87.736395,1,60445
38.27667,-87.722673,1,47665
42.078067,-87.720581,1,60091
41.775868,-87.711496,2,60629
42.05614,-87.69224,1,60201
41.536964,-87.684139,1,60422
41.902172,-87.683337,1,60622
41.956949,-87.654272,1,60613
41.740497,-87.652558,1,60620
41.922714,-87.649577,3,60614
41.88531,-87.622129,1,60601
41.629147,-87.59949,1,60419
41.597379,-87.59915,3,60473
41.508774,-87.590314,1,60411
30.623536,-87.55696,1,36567
38.015301,-87.536743,1,47711
37.810607,-87.515005,2,42420
41.589434,-87.453729,1,46323
36.568751,-87.416322,1,37042
39.471333,-87.402752,1,47807
44.840884,-87.372795,1,54235
30.531268,-87.221604,1,32514
30.677679,-87.199429,1,32571
35.629164,-87.021526,1,38401
41.463169,-87.00748,1,46383
40.479679,-86.989241,2,47906
35.719834,-86.898449,1,37174
33.576978,-86.893345,1,35214
33.399153,-86.845896,2,35226
33.494995,-86.808077,1,35205
33.419246,-86.789433,1,35216
35.912217,-86.780257,1,37067
36.106735,-86.774283,1,37204
34.711281,-86.746935,2,35758
36.35214,-86.746651,1,37072
33.321899,-86.742177,1,35124
36.149265,-86.732957,1,37210
30.874169,-86.700335,1,32531
36.557059,-86.673094,1,37049
30.403001,-86.650482,2,32548
36.052237,-86.632503,2,37013
34.709368,-86.62029,1,35805
39.085219,-86.61234,1,47403
36.339969,-86.607922,1,37075
36.14929,-86.576839,1,37076
39.773322,-86.551142,1,46122
34.32387,-86.502006,1,35016
36.566636,-86.495247,1,37148
35.784183,-86.489369,1,37128
36.182639,-86.480715,1,37122
30.392765,-86.469506,2,32541
39.229815,-86.467254,1,47408
36.883066,-86.44775,1,42104
30.506696,-86.447541,2,32578
39.102552,-86.442957,1,47401
35.634389,-86.407093,1,37020
43.985802,-86.406481,1,49431
39.685257,-86.392912,1,46168
39.86391,-86.382425,1,46112
35.781304,-86.327533,1,37127
32.544042,-86.324972,1,36025
35.884923,-86.317204,1,37130
35.494482,-86.303181,4,37183
39.984562,-86.282625,1,46077
39.849717,-86.271637,1,46254
32.336579,-86.271324,2,36111
36.263321,-86.268888,1,37087
32.388957,-86.242148,1,36109
41.832805,-86.230825,1,49120
39.962604,-86.174761,3,46032
41.693766,-86.146824,1,46545
39.674763,-86.132676,5,46227
39.906354,-86.124892,3,46240
39.867114,-86.108848,1,46220
39.737586,-86.096931,2,46203
39.902125,-86.064843,1,46250
40.760125,-86.061471,1,46970
39.472968,-86.043001,1,46131
39.782412,-86.042939,2,46219
36.271536,-85.942108,1,37030
38.966511,-85.937722,1,47274
40.064624,-85.915911,1,46060
39.888415,-85.90221,2,46055
42.861132,-85.888482,1,49426
33.226536,-85.86925,1,36251
31.305778,-85.86295,2,36330
38.151772,-85.780765,1,40214
39.801973,-85.772071,2,46140
43.575359,-85.748757,1,49349
35.645205,-85.741067,1,37110
33.349846,-85.734316,3,36266
33.477734,-85.717338,1,36258
42.981579,-85.7107,2,49504
38.333402,-85.697211,1,47130
41.535194,-85.672121,1,46543
30.239945,-85.6516,1,32444
40.599427,-85.629225,1,46952
38.271765,-85.619448,1,40222
42.263841,-85.617047,1,49008
43.018307,-85.592909,1,49525
38.277471,-85.590514,1,40242
38.299974,-85.575689,1,40241
42.195311,-85.562988,1,49002
32.538887,-85.492653,3,36830
43.124135,-85.490928,1,49341
35.94454,-85.442214,3,38583
31.266568,-85.401317,1,36303
42.63499,-85.299191,1,49058
41.449155,-85.274859,1,46755
34.302923,-85.269103,1,30165
43.183357,-85.256667,1,48838
41.301427,-85.232689,2,46763
42.270781,-85.22874,4,49015
43.752024,-85.151106,1,49305
41.044893,-85.147602,1,46807
34.902663,-85.13397,1,30736
40.180757,-85.133663,1,47340
35.849059,-85.12896,1,38572
41.152413,-85.127091,1,46825
33.036796,-85.120216,3,30240
43.314815,-85.106068,2,48888
42.227502,-85.088714,1,49033
35.115688,-85.063804,1,37363
41.102735,-85.058629,1,46815
41.15298,-85.0408,3,46835
39.786249,-85.022256,1,47330
32.554272,-85.009258,2,31904
41.089259,-84.972549,1,46774
39.2049,-84.951741,1,47022
33.022344,-84.949445,1,30241
42.276445,-84.939742,1,49068
39.623111,-84.925152,2,47353
39.832079,-84.889699,2,47374
37.640997,-84.797275,1,40422
43.616033,-84.795459,1,48858
34.034515,-84.707349,2,30101
39.164331,-84.662549,1,45248
39.000968,-84.651005,1,41042
42.725239,-84.639542,1,48917
41.886298,-84.622698,1,49242
33.939737,-84.613787,1,30064
39.27464,-84.597876,3,45251
39.15609,-84.596637,1,45211
34.036864,-84.591009,3,30144
39.203625,-84.580623,1,45239
42.67301,-84.571422,1,48911
34.124213,-84.570684,1,30189
33.391884,-84.570611,1,30269
39.029089,-84.561887,1,41017
39.17081,-84.549528,1,45223
39.247497,-84.53483,3,45231
34.032388,-84.505154,1,30066
37.982958,-84.489425,1,40517
39.289592,-84.469214,1,45246
33.676362,-84.460794,1,30344
34.123528,-84.457649,2,30188
39.081974,-84.453172,1,41075
39.16419,-84.452189,2,45212
39.153022,-84.426671,2,45209
39.180801,-84.420095,1,45213
33.869768,-84.417135,1,30327
42.221835,-84.396625,1,49203
34.0557,-84.390264,3,30075
39.153872,-84.385808,4,45227
40.331338,-84.382544,1,45845
33.818405,-84.358175,1,30324
43.582166,-84.337227,3,48640
33.87745,-84.336316,1,30319
33.711546,-84.331796,1,30316
39.350783,-84.313198,1,45040
37.761655,-84.312658,1,40475
39.158525,-84.312214,1,45174
33.404147,-84.30735,1,30228
34.143879,-84.293133,2,30004
35.966483,-84.290549,1,37830
46.416901,-84.289054,1,49783
33.888096,-84.288866,1,30341
33.811659,-84.28323,3,30033
39.061125,-84.276136,3,45245
33.639853,-84.267148,2,30294
39.257273,-84.241953,2,45140
34.030333,-84.241932,1,30022
43.712749,-84.236964,1,48642
39.166379,-84.230308,1,45150
38.953739,-84.23017,2,45157
30.605283,-84.229562,1,32312
42.79865,-84.223099,2,48872
33.939949,-84.206233,1,30071
33.797412,-84.197984,1,30083
33.567898,-84.193388,2,30281
43.002718,-84.188977,1,48867
34.210349,-84.187789,1,30040
33.448926,-84.18357,3,30253
40.728042,-84.165459,1,45805
39.600591,-84.156971,1,45458
40.577695,-84.154664,1,45895
36.218671,-84.153543,1,37769
33.974292,-84.145426,1,30096
39.097086,-84.13448,2,45103
39.718818,-84.129169,1,45420
33.805871,-84.126928,1,30087
40.672435,-84.126166,1,45806
35.976399,-84.125445,1,37931
39.843157,-84.110015,1,45424
33.351433,-84.106652,1,30248
34.204626,-84.100357,1,30041
34.062971,-84.09077,2,30024
38.94502,-84.064915,1,45106
33.473512,-84.057165,1,30252
39.721385,-84.031824,1,45434
34.130846,-84.027398,1,30518
33.861019,-84.017993,1,30078
39.952394,-84.009766,1,45344
33.64502,-83.971948,1,30013
34.087437,-83.944991,2,30519
36.123933,-83.938618,1,37938
42.575483,-83.923411,1,48843
36.056122,-83.916946,1,37918
34.346947,-83.895595,5,30506
32.570683,-83.890124,1,31030
42.261356,-83.846438,2,48103
34.019859,-83.837163,1,30011
41.513316,-83.822816,1,43571
42.93695,-83.820544,3,48473
34.318834,-83.815174,1,30501
34.621058,-83.793245,1,30528
40.365633,-83.756432,1,43311
42.263886,-83.715564,1,48104
42.327704,-83.695817,1,48105
32.729664,-83.68534,1,31216
41.650277,-83.673822,1,43615
42.583002,-83.666824,2,48380
41.417547,-83.656646,1,43402
32.580403,-83.653003,1,31088
42.658533,-83.6464,1,48357
32.544201,-83.597459,1,31005
34.512602,-83.592212,1,30531
34.10799,-83.577448,1,30549
41.565472,-83.500302,1,43465
42.550711,-83.474218,1,48390
41.603711,-83.47049,1,43619
41.960425,-83.429323,1,48162
42.333901,-83.384209,2,48185
42.538168,-83.381721,1,48322
34.921514,-83.381112,1,30562
42.371604,-83.376788,1,48150
38.146989,-83.376611,1,40313
42.424935,-83.374264,1,48152
42.397183,-83.372319,2,48154
42.293764,-83.370739,3,48186
36.766574,-83.354262,2,40831
34.001592,-83.344913,1,30601
30.867904,-83.34214,2,31602
33.905911,-83.323577,1,30605
42.320411,-83.259969,1,48128
42.204975,-83.206511,1,48195
40.02085,-83.194413,2,43026
42.656374,-83.183588,1,48309
42.560633,-83.175706,1,48084
42.519205,-83.164362,1,48073
40.116621,-83.1305,1,43017
39.869489,-83.114347,1,43123
42.375123,-83.107897,1,48206
42.461924,-83.097689,1,48030
42.348491,-83.091937,1,48208
40.049153,-83.074244,2,43220
40.118363,-83.027626,2,43235
40.051734,-83.016269,1,43214
40.019812,-83.0151,1,43202
39.99083,-82.999946,1,43201
30.137457,-82.978338,1,32062
39.894679,-82.962832,2,43207
34.635217,-82.939747,1,29678
42.507586,-82.936582,1,48066
39.732375,-82.935709,1,43103
40.079333,-82.934777,1,43231
42.650226,-82.928905,2,48044
38.782086,-82.918349,1,45662
42.464424,-82.896175,2,48080
35.116966,-82.827217,1,28772
27.850256,-82.825814,1,33776
39.826682,-82.800074,1,43110
39.956185,-82.784665,1,43068
41.42828,-82.744814,1,44870
28.002893,-82.743418,1,33763
35.86408,-82.712731,2,28753
27.975284,-82.701482,1,33759
27.734375,-82.667894,2,33712
42.764617,-82.666777,1,48064
40.88999,-82.651686,1,44875
27.846613,-82.62869,1,33702
34.883978,-82.579832,1,29640
35.647839,-82.564371,4,28804
28.066876,-82.561218,2,33625
28.074807,-82.498405,1,33618
42.910313,-82.480603,2,48040
27.369739,-82.476458,1,34235
34.911021,-82.468095,1,29617
34.830934,-82.458497,2,29611
28.137944,-82.446252,1,33549
29.682004,-82.444096,1,32606
28.26543,-82.423239,2,34639
29.597009,-82.407808,1,32608
41.392084,-82.377455,1,44089
38.404576,-82.360178,1,25705
28.126958,-82.354093,1,33647
29.648993,-82.324515,1,32601
36.330485,-82.317625,1,37601
40.872668,-82.317038,1,44805
27.955637,-82.296693,1,33510
28.007232,-82.288403,2,33584
27.049618,-82.245371,1,34287
41.426622,-82.225503,1,44053
29.156461,-82.209486,1,34474
29.081607,-82.19683,1,34476
35.23396,-82.147409,1,28782
29.255724,-82.109112,1,34479
33.523809,-82.085688,1,30907
35.710565,-82.035893,1,28752
37.964118,-82.021985,2,25508
33.451527,-81.863403,1,29842
30.256279,-81.853581,1,32221
34.982716,-81.831555,1,29307
26.53402,-81.826183,1,33912
35.052613,-81.804142,1,29330
41.48386,-81.801683,1,44107
26.463373,-81.773019,1,33965
26.240842,-81.763823,1,34109
38.033022,-81.752254,1,25130
38.308648,-81.749531,1,25309
30.266582,-81.745526,1,32210
41.479222,-81.738327,1,44102
29.936725,-81.732479,1,32043
41.380492,-81.700991,1,44134
28.855051,-81.678843,1,32726
30.487775,-81.667141,1,32218
30.156644,-81.649266,1,32223
38.308045,-81.640231,1,25314
41.483845,-81.626665,1,44104
28.019442,-81.614048,1,33838
30.189355,-81.612465,1,32257
26.623407,-81.601499,2,33936
30.277467,-81.582904,1,32216
30.332207,-81.582792,1,32211
40.889547,-81.576285,2,44614
41.130064,-81.572704,1,44313
40.797864,-81.565063,2,44647
41.041069,-81.560073,2,44314
35.979227,-81.547182,1,28645
30.357756,-81.505829,2,32225
31.180919,-81.493973,2,31520
28.586751,-81.486895,1,32818
40.546033,-81.482958,1,44622
28.518602,-81.482513,1,32835
41.138985,-81.475047,3,44221
28.453439,-81.472422,1,32819
41.652326,-81.441721,2,44095
41.176261,-81.436523,1,44224
28.625101,-81.42769,1,32810
28.529996,-81.403681,1,32805
32.311117,-81.401806,1,31312
41.610724,-81.379324,1,44094
28.6304,-81.365046,2,32751
28.766592,-81.354882,1,32746
32.425638,-81.350634,1,31329
41.242618,-81.347707,1,44241
41.035186,-81.338441,1,44260
41.132323,-81.332781,1,44240
28.610096,-81.298342,4,32792
41.384751,-81.285759,1,44023
28.686894,-81.273258,1,32708
31.850231,-81.265025,1,31324
28.886079,-81.251563,2,32725
40.857398,-81.246485,1,44641
28.590992,-81.243645,1,32817
28.518028,-81.229003,2,32825
29.05725,-81.225582,1,32724
35.92235,-81.224112,1,28681
29.581655,-81.219358,1,32137
41.577765,-81.192433,1,44024
28.905269,-81.185176,1,32738
28.588358,-81.184561,1,32826
35.353664,-81.178943,1,28034
35.216936,-81.125003,1,28056
32.074679,-81.088261,1,31401
41.760117,-81.060305,1,44057
35.133403,-81.009373,2,28278
33.926751,-80.950364,1,29209
35.127365,-80.946828,1,28273
28.686657,-80.91964,1,32754
35.473953,-80.898428,1,28031
40.899324,-80.870171,1,44460
28.457509,-80.812888,1,32927
28.532779,-80.792256,1,32780
41.01088,-80.770396,1,44406
34.740563,-80.732729,1,29720
28.296697,-80.725043,2,32955
28.441687,-80.702668,1,32953
35.060868,-80.693292,1,28104
28.145549,-80.649969,1,32935
28.323196,-80.623102,1,32931
28.178766,-80.60177,1,32937
35.11471,-80.600423,2,28079
28.031367,-80.600412,1,32905
34.889925,-80.549548,1,28112
40.796605,-80.460695,1,16115
34.068795,-80.440478,1,29040
35.515381,-80.43876,1,28138
37.13245,-80.424902,2,24073
37.256076,-80.421951,1,24060
41.228484,-80.417588,1,16148
25.70313,-80.404436,1,33183
27.323655,-80.402409,1,34986
41.817035,-80.385386,1,16435
25.786909,-80.361253,2,33172
25.70232,-80.357503,1,33173
25.606126,-80.343496,3,33157
27.249123,-80.330756,1,34984
36.14391,-80.323157,1,27106
36.095923,-80.321038,1,27104
26.152016,-80.316519,1,33323
27.296004,-80.300095,1,34952
26.026198,-80.295994,2,33026
25.98821,-80.281374,2,33025
26.067529,-80.275056,2,33328
26.17937,-80.274599,1,33351
26.150204,-80.274503,1,33322
25.753332,-80.270379,2,33134
26.213579,-80.270272,2,33321
25.86219,-80.269677,2,33013
26.27377,-80.260118,1,33065
40.871839,-80.256197,2,16117
40.153494,-80.253464,1,15301
26.305815,-80.22539,1,33067
26.386067,-80.219558,1,33498
26.352947,-80.208054,1,33428
35.738325,-80.207547,1,27292
26.720009,-80.193112,2,33411
33.051384,-80.18854,2,29483
40.412098,-80.187802,3,15071
26.298241,-80.181416,1,33073
26.185954,-80.172424,1,33309
25.779808,-80.1532,1,33139
41.979331,-80.14208,1,16426
26.454216,-80.134433,1,33484
26.182573,-80.133587,1,33334
26.097266,-80.121773,2,33316
26.376191,-80.107317,2,33431
26.455288,-80.10635,1,33445
26.188511,-80.104988,4,33308
35.859342,-80.100268,1,27360
42.096812,-80.09403,1,16508
26.458903,-80.079637,1,33444
36.118637,-80.07827,1,27284
42.126936,-80.061565,1,16503
26.619664,-80.056715,2,33460
40.549607,-80.043513,2,15237
40.402628,-80.034851,1,15216
40.368133,-80.017803,1,15234
39.876232,-79.990265,2,15320
41.95849,-79.983551,1,16441
40.444043,-79.955247,1,15213
40.637986,-79.947904,1,15044
39.649954,-79.943818,2,26505
40.526079,-79.932225,3,15116
40.707082,-79.927088,1,16059
40.008601,-79.918268,1,15417
40.395872,-79.907511,2,15120
36.117523,-79.894239,1,27410
36.008599,-79.87816,2,27407
36.184081,-79.81047,3,27455
40.62859,-79.803264,1,15084
36.000542,-79.764677,1,27406
36.497559,-79.74946,1,27288
40.839032,-79.652206,1,16262
40.161024,-79.509814,1,15666
36.029833,-79.49161,1,27215
35.966209,-79.347414,1,27253
41.869947,-79.326122,2,16371
41.00672,-79.298366,1,16245
35.906197,-79.154855,5,27516
37.359607,-79.141653,1,24501
37.632622,-79.100875,1,24521
35.915783,-79.082604,4,27510
43.17322,-78.993074,2,14092
36.025937,-78.978858,1,27705
36.396597,-78.976099,3,27573
43.099407,-78.951983,1,14304
40.097575,-78.92892,1,15563
35.712397,-78.915514,1,27502
43.238603,-78.899823,2,14131
35.167782,-78.887753,2,28311
36.255158,-78.877507,1,27572
42.646574,-78.874782,1,14057
36.478358,-78.864865,2,27574
42.973452,-78.846201,2,14223
43.079317,-78.842654,2,14120
35.802102,-78.802719,1,27513
43.044371,-78.777335,1,14228
39.643695,-78.755141,1,21502
35.742323,-78.715478,3,27606
35.926102,-78.711414,2,27613
43.157693,-78.702073,1,14094
35.898505,-78.635489,1,27615
35.94831,-78.621619,2,27614
42.772537,-78.584397,1,14052
35.783689,-78.478164,1,27545
38.476865,-78.174258,2,22735
33.967234,-78.059091,3,28461
43.205212,-78.057685,2,14470
40.80168,-77.899616,1,16803
34.221684,-77.880633,1,28403
35.990635,-77.84235,3,27804
40.77893,-77.841359,2,16801
38.313187,-77.798472,2,22508
38.272028,-77.647788,2,22553
43.087333,-77.641867,2,14623
37.646431,-77.624235,3,23233
37.47581,-77.585285,1,23236
37.586772,-77.574165,2,23229
39.184706,-77.544111,2,20176
37.209159,-77.497484,1,23803
37.553306,-77.493558,1,23221
38.299272,-77.486658,1,22401
38.856401,-77.476371,1,20120
37.497492,-77.466135,1,23224
37.346253,-77.450566,1,23831
37.400878,-77.449054,3,23237
38.313488,-77.403848,1,22405
38.980039,-77.380901,2,20170
38.959322,-77.339298,1,20190
41.721291,-77.337283,1,16901
38.892997,-77.332554,1,22124
38.683699,-77.314673,2,22192
39.012049,-77.302566,1,22066
38.937476,-77.273172,1,22182
38.622914,-77.262938,1,22191
39.208384,-77.237152,1,20876
38.774493,-77.232029,1,22152
39.032995,-77.222312,1,20854
39.187415,-77.207136,2,20886
39.139703,-77.185238,1,20877
38.997229,-77.151871,1,20817
39.137633,-77.132021,1,20855
39.079082,-77.121858,1,20851
38.755748,-77.097783,1,22306
38.886566,-77.09525,1,22201
39.890088,-77.079399,1,17350
38.895023,-77.075463,1,22209
39.328183,-77.071411,1,21797
39.15063,-77.070708,1,20832
38.907017,-77.041569,1,20036
40.414171,-77.041503,1,17020
39.045249,-77.039264,1,20902
39.002883,-77.036607,2,20910
38.833719,-77.006591,1,20032
40.182917,-77.004599,1,17055
38.758348,-76.983786,1,20744
39.548569,-76.983558,1,21157
40.294093,-76.974481,1,17025
38.999757,-76.970698,1,20783
39.277181,-76.894602,1,21042
38.583394,-76.894551,1,20602
39.099378,-76.882766,1,20707
39.205869,-76.87911,1,21044
38.809803,-76.869158,1,20762
40.275965,-76.866332,1,17103
41.345045,-76.857256,1,17701
39.057365,-76.825784,1,20708
39.26058,-76.800106,1,21043
39.427563,-76.777976,1,21117
40.002607,-76.773549,2,17404
38.989393,-76.741331,2,20715
39.23997,-76.67945,2,21227
39.120912,-76.677268,2,21144
39.958485,-76.658667,1,17402
39.439448,-76.640811,1,21093
39.161942,-76.629444,2,21061
39.091266,-76.621098,1,21108
39.169791,-76.580873,2,21060
39.351797,-76.564402,1,21214
39.079136,-76.558698,1,21146
42.922279,-76.558539,1,13021
38.98775,-76.5528,2,21401
37.147813,-76.543036,1,23608
39.338428,-76.538877,1,21206
39.393417,-76.534228,1,21234
37.113416,-76.517947,1,23602
39.046835,-76.496133,3,21012
39.341874,-76.495402,3,21237
39.26484,-76.492566,1,21222
39.388421,-76.48355,1,21236
38.379757,-76.442883,1,20657
40.294817,-76.424823,1,17042
39.347315,-76.390009,1,21220
39.536084,-76.352157,2,21014
39.544175,-76.292469,1,21015
36.913604,-76.288896,2,23505
36.799721,-76.273447,1,23324
36.857302,-76.265612,1,23504
43.153084,-76.212402,1,13090
42.727973,-76.211042,2,13077
36.837313,-76.150514,2,23462
39.970438,-76.092067,4,17562
42.133387,-76.084713,1,13760
44.01129,-76.073698,2,13634
40.291483,-75.944791,1,19607
39.627145,-75.859891,1,21921
40.338614,-75.858157,1,19606
41.370822,-75.840422,1,18643
41.230482,-75.757447,2,18702
39.713598,-75.741073,2,19711
41.29823,-75.738725,1,18640
39.785685,-75.68364,1,19707
41.454947,-75.657937,1,18508
40.258928,-75.615861,1,19464
39.743799,-75.593842,1,19805
40.503935,-75.58518,1,18062
39.756764,-75.529302,1,19802
41.831306,-75.516842,1,18465
40.061872,-75.402461,1,19087
40.659981,-75.387361,1,18017
38.943253,-75.362567,1,19963
40.036973,-75.349913,1,19085
37.954605,-75.334522,1,23336
39.906248,-75.324733,1,19070
39.874378,-75.322125,1,19078
39.977025,-75.312066,2,19083
40.232824,-75.303178,1,19446
39.783669,-75.255275,1,8056
40.048483,-75.227934,1,19128
39.791562,-75.22414,3,8020
39.958719,-75.199069,3,19104
39.786549,-75.175825,1,8051
39.952783,-75.165586,1,19102
39.951735,-75.158654,2,19107
40.306267,-75.147144,1,18901
40.248905,-75.143441,1,18976
39.826854,-75.126663,1,8096
40.073118,-75.124431,1,19027
39.989604,-75.109091,1,19134
40.217062,-75.072803,1,18974
40.288811,-75.058039,1,18925
39.828957,-75.015458,1,8084
39.495524,-75.008665,1,8360
39.848539,-74.953498,1,8043
39.856677,-74.90081,1,8053
39.948992,-74.900247,1,8054
40.150307,-74.839218,2,19055
39.862559,-74.821488,1,8055
40.329422,-74.792789,1,8534
40.103026,-74.733455,1,8505
39.263596,-74.604605,1,8226
39.318968,-74.588458,1,8244
39.343718,-74.571049,1,8221
39.932089,-74.545375,1,8015
41.324048,-74.541192,1,10998
43.124008,-74.52507,1,12032
41.592121,-74.517603,2,12790
40.784201,-74.500025,1,7960
40.954922,-74.48899,1,7866
41.380516,-74.480462,1,10973
40.319474,-74.428801,1,8831
40.616667,-74.422042,1,7060
40.854906,-74.403515,1,7054
40.576806,-74.36575,1,8820
40.543139,-74.358981,1,8840
40.282353,-74.346564,1,7726
41.487318,-74.344437,1,10941
40.651644,-74.343447,1,7090
40.656391,-74.30483,1,7016
40.225793,-74.285785,1,7728
40.730785,-74.268919,1,7040
40.785753,-74.265059,1,7052
40.415326,-74.253906,2,7747
40.834007,-74.242877,1,7044
40.695889,-74.2288,1,7205
40.67383,-74.226408,1,7208
40.149318,-74.204208,1,7731
40.762918,-74.186559,1,7107
40.651654,-74.183811,1,7206
40.931711,-74.15687,1,7524
40.571768,-74.12595,2,10306
40.75372,-74.120875,1,7032
40.935833,-74.117504,1,7410
40.798004,-74.11325,2,7071
41.140772,-74.104976,1,10901
40.080784,-74.059125,1,8742
40.249708,-74.053712,3,7712
42.805431,-74.044234,1,12306
40.767374,-74.032326,2,7087
40.708778,-74.016808,1,10280
40.656527,-74.007331,2,11232
40.70932,-74.002532,1,10038
40.742002,-74.000594,1,10011
40.599148,-73.99609,2,11214
40.577372,-73.988706,1,11224
40.662688,-73.98674,2,11215
40.726408,-73.978636,3,10009
40.74522,-73.978294,1,10016
40.643476,-73.976043,1,11218
40.752347,-73.972417,1,10017
40.72779,-73.947605,1,11222
40.601293,-73.944493,1,11229
40.850538,-73.933863,1,10033
40.795652,-73.929731,1,10035
40.820479,-73.925084,1,10451
41.092068,-73.924648,1,10960
40.852779,-73.912332,1,10453
41.701908,-73.911521,1,12601
40.763336,-73.872443,1,11369
40.84328,-73.860389,1,10462
40.86857,-73.848218,2,10469
40.657604,-73.844804,1,11414
40.676446,-73.844443,1,11417
40.768208,-73.827403,1,11354
40.730145,-73.82703,3,11367
40.701265,-73.809605,1,11435
40.900458,-73.807138,1,10803
40.67582,-73.796617,1,11436
40.988682,-73.789204,2,10583
40.601278,-73.761651,1,11691
41.015857,-73.677404,2,10573
40.605357,-73.649046,1,11558
40.872605,-73.628622,1,11542
43.088569,-73.612965,1,12871
42.748588,-73.599536,1,12180
40.755182,-73.574338,2,11590
40.663239,-73.553779,1,11566
40.671803,-73.533514,1,11710
40.724567,-73.516333,1,11756
41.306249,-73.501019,1,6877
40.742553,-73.486081,1,11714
40.75901,-73.457384,1,11804
41.08391,-73.426615,1,6854
41.60132,-73.422832,3,6776
43.044236,-73.382032,1,12816
40.68901,-73.373328,1,11757
40.900759,-73.372447,1,11721
40.814268,-73.362276,1,11746
40.865401,-73.361292,1,11740
40.73267,-73.325925,1,11703
41.633703,-73.2889,1,6793
40.840482,-73.280788,1,11725
40.723177,-73.268488,1,11718
40.650581,-73.262413,1,11702
40.722537,-73.252183,1,11706
41.339236,-73.222828,1,6468
41.75364,-73.212028,1,6759
40.909287,-73.174729,1,11780
41.304515,-73.139041,1,6484
41.232717,-73.129767,2,6614
40.913615,-73.046399,1,11776
40.868923,-73.041215,3,11784
41.272573,-72.964967,1,6516
41.317046,-72.927295,1,6511
41.511827,-72.903617,1,6410
41.316686,-72.870791,2,6513
41.285007,-72.793548,1,6405
42.072925,-72.686972,1,1030
40.827467,-72.678983,2,11977
40.826323,-72.649008,1,11978
42.321488,-72.630588,1,1060
40.963769,-72.553554,1,11948
41.707461,-72.53893,1,6033
42.27901,-72.400468,1,1007
41.780099,-72.344021,1,6238
41.801119,-72.245399,1,6268
42.247211,-71.991867,1,1562
41.708858,-71.855134,1,6354
42.285114,-71.829987,1,1609
42.247049,-71.808366,1,1610
42.315249,-71.795741,2,1606
42.268426,-71.613309,1,1581
43.021515,-71.563462,2,3045
42.853756,-71.520956,1,3054
43.011915,-71.491119,2,3102
41.642919,-71.485719,2,2818
42.257755,-71.473526,1,1721
41.854888,-71.472812,1,2911
41.767344,-71.465508,1,2920
41.588552,-71.459825,1,2852
41.913145,-71.44834,1,2865
42.950538,-71.446547,1,3103
42.282576,-71.43676,1,1702
41.858331,-71.436309,1,2904
42.679723,-71.30068,1,1826
41.931653,-71.294503,1,2703
42.0173,-71.2173,1,2048
42.246872,-71.179462,1,2026
42.742751,-71.178588,2,1844
42.358016,-71.128608,1,2134
42.399655,-71.12255,1,2144
41.909112,-71.118346,1,2780
42.336342,-71.104176,1,2115
42.347593,-71.102934,1,2215
42.332091,-71.096545,1,2120
42.350579,-71.076397,1,2116
41.667013,-71.015965,1,2747
41.862486,-71.01169,1,2718
42.418294,-71.001257,1,2151
42.574174,-70.950516,1,1923
42.078974,-70.93939,2,2382
43.253476,-70.887944,1,3878
41.632443,-70.87114,1,2719
42.202273,-70.758184,1,2066
44.084537,-70.249649,1,4210
41.70584,-70.058071,1,2645
44.540353,-69.575174,2,4901